inv_T_1000_per_K,resistivity_ohm_cm
3.333333,250.4496613
3.125,108.7523995
2.941176,54.4713605
2.777778,27.3849099
2.631579,14.2344859
2.5,8.9061581
2.380952,5.5117236
2.272727,3.7513956
2.173913,2.482429
2.083333,1.9201945
2.0,1.4630902
1.923077,1.2041454
1.851852,0.94987
1.785714,0.8049406
1.724138,0.6543011
1.666667,0.6455706
1.612903,0.5124928
1.5625,0.5131047
1.515152,0.4553413
1.470588,0.4194597
1.428571,0.3997335
1.388889,0.3815268
1.351351,0.3790283
1.315789,0.3619991
1.282051,0.3699372
