tau_ns,g2
-80.0,0.9794282
-79.0,0.9936519
-78.0,1.048709
-77.0,1.0184672
-76.0,0.9493372
-75.0,0.9982995
-74.0,0.9796175
-73.0,1.0026345
-72.0,0.9497714
-71.0,1.0050978
-70.0,1.0047188
-69.0,1.0447226
-68.0,1.0067318
-67.0,1.0123084
-66.0,0.9519371
-65.0,1.0640283
-64.0,0.9386683
-63.0,1.028856
-62.0,0.98554
-61.0,0.9686212
-60.0,0.9749211
-59.0,0.9739808
-58.0,1.0050377
-57.0,0.9897769
-56.0,1.0369543
-55.0,0.9369353
-54.0,0.9910204
-53.0,0.9635788
-52.0,1.0127772
-51.0,0.9250468
-50.0,0.9772861
-49.0,0.9928242
-48.0,0.9408194
-47.0,1.0136306
-46.0,0.9880515
-45.0,1.0113915
-44.0,1.0083263
-43.0,0.948378
-42.0,0.9519082
-41.0,0.9676427
-40.0,0.9938996
-39.0,0.9945097
-38.0,0.9449944
-37.0,0.945139
-36.0,0.9362357
-35.0,0.9391818
-34.0,0.9458091
-33.0,0.9449033
-32.0,1.0061567
-31.0,0.9243904
-30.0,0.9256703
-29.0,0.9423825
-28.0,0.8938302
-27.0,0.9046218
-26.0,0.9087525
-25.0,0.9236128
-24.0,0.8522513
-23.0,0.9234669
-22.0,0.8615225
-21.0,0.8660633
-20.0,0.8743122
-19.0,0.8555921
-18.0,0.8532728
-17.0,0.8111791
-16.0,0.7885339
-15.0,0.7802905
-14.0,0.721006
-13.0,0.7656533
-12.0,0.6824349
-11.0,0.642313
-10.0,0.7140137
-9.0,0.6180134
-8.0,0.5538926
-7.0,0.60914
-6.0,0.5048841
-5.0,0.5044698
-4.0,0.4018903
-3.0,0.369496
-2.0,0.2721587
-1.0,0.2066963
0.0,0.170707
1.0,0.2616233
2.0,0.3467542
3.0,0.449746
4.0,0.3958191
5.0,0.5028787
6.0,0.4966452
7.0,0.548996
8.0,0.5448306
9.0,0.5777372
10.0,0.6289676
11.0,0.644327
12.0,0.7055898
13.0,0.7081522
14.0,0.7883983
15.0,0.7753868
16.0,0.7940794
17.0,0.8401062
18.0,0.8370392
19.0,0.8346483
20.0,0.8461778
21.0,0.8573524
22.0,0.9043979
23.0,0.9058154
24.0,0.9027093
25.0,0.9243533
26.0,0.8920169
27.0,0.9310113
28.0,0.8800524
29.0,0.9690433
30.0,0.9370334
31.0,0.9450843
32.0,0.9623948
33.0,0.9485664
34.0,0.9453236
35.0,0.9924025
36.0,0.9636429
37.0,0.9358788
38.0,0.9794717
39.0,0.917827
40.0,1.0211271
41.0,0.9686087
42.0,0.9772186
43.0,1.0455068
44.0,1.044103
45.0,0.98466
46.0,1.0014361
47.0,1.0167795
48.0,1.0358081
49.0,0.9825863
50.0,0.9916547
51.0,1.0253276
52.0,0.9975875
53.0,1.0129755
54.0,1.0094086
55.0,0.957776
56.0,0.9667089
57.0,0.9138385
58.0,0.9858284
59.0,1.0343063
60.0,0.9613334
61.0,1.0320547
62.0,1.0254235
63.0,0.9941567
64.0,0.9959093
65.0,0.9989315
66.0,0.970898
67.0,0.9885221
68.0,0.9958356
69.0,1.0158119
70.0,1.0214117
71.0,0.9755625
72.0,1.0227884
73.0,0.9748394
74.0,0.9932539
75.0,1.0095408
76.0,0.9978995
77.0,0.9948839
78.0,1.0068805
79.0,0.9823094
80.0,0.9794019
