vds_V,id_mA
0.0,0.0
0.25,2.6770083
0.5,5.2295047
0.75,7.657489
1.0,9.9609613
1.25,12.1399216
1.5,14.1943698
1.75,16.1243061
2.0,17.9297303
2.25,19.6106425
2.5,21.1670427
2.75,22.5989309
3.0,23.9063071
3.25,25.0891712
3.5,26.1475234
3.75,27.0813635
4.0,27.8906916
4.25,28.5755077
4.5,29.1358118
4.75,29.5716038
5.0,29.8828839
5.25,30.0696519
5.5,30.1319079
5.75,30.1319079
6.0,30.1319079
6.25,30.1319079
6.5,30.1319079
6.75,30.1319079
7.0,30.1319079
7.25,30.1319079
7.5,30.1319079
7.75,30.1319079
8.0,30.1319079
8.25,30.1319079
8.5,30.1319079
8.75,30.1319079
9.0,30.1319079
9.25,30.1319079
9.5,30.1319079
9.75,30.1319079
10.0,30.1319079
10.25,30.1319079
10.5,30.1319079
10.75,30.1319079
11.0,30.1319079
11.25,30.1319079
11.5,30.1319079
11.75,30.1319079
12.0,30.1319079
12.25,30.1319079
12.5,30.1319079
12.75,30.1319079
13.0,30.1319079
13.25,30.1319079
13.5,30.1319079
13.75,30.1319079
14.0,30.1319079
14.25,30.1319079
14.5,30.1319079
14.75,30.1319079
15.0,30.1319079
15.25,30.1319079
15.5,30.1319079
15.75,30.1319079
16.0,30.1319079
16.25,30.1319079
16.5,30.1319079
16.75,30.1319079
17.0,30.1319079
17.25,30.1319079
17.5,30.1319079
17.75,30.1319079
18.0,30.1319079
18.25,30.1319079
18.5,30.1319079
18.75,30.1319079
19.0,30.1319079
19.25,30.1319079
19.5,30.1319079
19.75,30.1319079
20.0,30.1319079
