frequency_MHz,signal
2790.0,1.0017652
2790.5,0.9990608
2791.0,0.9998505
2791.5,1.000678
2792.0,0.999173
2792.5,1.0004337
2793.0,0.9990606
2793.5,1.000683
2794.0,0.9999067
2794.5,0.9986958
2795.0,1.0014965
2795.5,0.9996764
2796.0,0.9994374
2796.5,0.9986443
2797.0,0.9991683
2797.5,0.999592
2798.0,0.9998858
2798.5,1.0009649
2799.0,0.9980278
2799.5,0.9991465
2800.0,1.0009501
2800.5,0.9996725
2801.0,0.9998727
2801.5,1.0012089
2802.0,0.9995992
2802.5,0.9996291
2803.0,0.998869
2803.5,1.0008554
2804.0,0.9997724
2804.5,0.9973838
2805.0,0.9986062
2805.5,0.9962463
2806.0,0.9986168
2806.5,0.9978729
2807.0,0.9967563
2807.5,0.9965079
2808.0,0.9950253
2808.5,0.9983798
2809.0,0.9976422
2809.5,0.9977185
2810.0,0.9992369
2810.5,0.9978069
2811.0,0.9980961
2811.5,0.9981277
2812.0,0.9974683
2812.5,1.0020908
2813.0,0.9990539
2813.5,0.9989394
2814.0,1.0005002
2814.5,0.9956898
2815.0,0.9994731
2815.5,0.9995592
2816.0,0.998406
2816.5,1.0001461
2817.0,0.9971808
2817.5,0.9996292
2818.0,1.0006874
2818.5,0.99696
2819.0,0.9978853
2819.5,0.9994273
2820.0,0.999584
2820.5,0.9988166
2821.0,1.0000142
2821.5,0.9998594
2822.0,0.9979366
2822.5,0.9994211
2823.0,0.9979957
2823.5,0.9970196
2824.0,0.9966011
2824.5,1.0007128
2825.0,0.9993085
2825.5,1.0017938
2826.0,0.9976702
2826.5,0.99898
2827.0,0.9997908
2827.5,0.9991889
2828.0,0.9999366
2828.5,0.9994817
2829.0,0.9985359
2829.5,0.9964386
2830.0,0.9980505
2830.5,1.0012041
2831.0,0.9999973
2831.5,1.000658
2832.0,0.9982141
2832.5,0.9985818
2833.0,0.9976311
2833.5,0.9989974
2834.0,0.9984125
2834.5,0.998652
2835.0,0.9999492
2835.5,0.9965126
2836.0,0.9980509
2836.5,0.9951277
2837.0,0.9978287
2837.5,0.9957725
2838.0,0.9961615
2838.5,0.9964991
2839.0,0.9984913
2839.5,0.9966852
2840.0,0.9963079
2840.5,0.9956075
2841.0,0.9974088
2841.5,0.99602
2842.0,0.9963333
2842.5,0.996734
2843.0,0.9973625
2843.5,0.9955026
2844.0,0.9970472
2844.5,0.9983822
2845.0,0.994634
2845.5,0.998342
2846.0,0.9996382
2846.5,0.996698
2847.0,0.9984719
2847.5,0.9963711
2848.0,0.9986689
2848.5,0.9980695
2849.0,0.9989906
2849.5,0.997657
2850.0,0.9978814
2850.5,0.9984208
2851.0,0.9981767
2851.5,0.9983481
2852.0,0.9988971
2852.5,0.9978475
2853.0,0.9990385
2853.5,0.9998193
2854.0,0.9964867
2854.5,0.999518
2855.0,0.9983984
2855.5,0.9979578
2856.0,0.9976922
2856.5,0.9982864
2857.0,0.9984103
2857.5,0.9997147
2858.0,0.9977782
2858.5,1.0005365
2859.0,0.9982922
2859.5,1.0000826
2860.0,1.0005523
2860.5,0.9977602
2861.0,1.0004924
2861.5,1.0018095
2862.0,0.9986318
2862.5,0.9998315
2863.0,0.9989355
2863.5,0.9991356
2864.0,0.9987444
2864.5,0.9982854
2865.0,0.999657
2865.5,0.9997215
2866.0,0.9985085
2866.5,1.0001375
2867.0,0.9993969
2867.5,0.9986545
2868.0,0.9966156
2868.5,0.9993764
2869.0,0.99826
2869.5,0.9936731
2870.0,0.9945519
2870.5,0.995042
2871.0,0.9965991
2871.5,0.9969217
2872.0,0.9950821
2872.5,0.995727
2873.0,0.9962686
2873.5,0.993935
2874.0,0.9962938
2874.5,0.9954579
2875.0,0.9964007
2875.5,0.996539
2876.0,0.9956085
2876.5,0.9962308
2877.0,0.9978259
2877.5,0.9982289
2878.0,0.9980049
2878.5,0.9998012
2879.0,0.9982644
2879.5,0.9973732
2880.0,0.9985348
2880.5,0.9988351
2881.0,0.9989682
2881.5,1.0005888
2882.0,0.9998617
2882.5,1.0005616
2883.0,1.0000846
2883.5,0.9991714
2884.0,1.000642
2884.5,0.9991069
2885.0,0.999736
2885.5,0.9982502
2886.0,0.9995838
2886.5,0.9990796
2887.0,0.9999187
2887.5,1.0016522
2888.0,1.0023144
2888.5,1.0006842
2889.0,0.9994152
2889.5,1.0004255
2890.0,0.99969
2890.5,0.9986598
2891.0,0.9992821
2891.5,0.9990191
2892.0,0.9985477
2892.5,1.0008735
2893.0,0.9985009
2893.5,0.9984713
2894.0,0.9998134
2894.5,0.9980161
2895.0,0.9973241
2895.5,0.9975055
2896.0,0.9988909
2896.5,0.9985067
2897.0,0.9981111
2897.5,0.9968529
2898.0,0.9959535
2898.5,0.9978001
2899.0,0.9947195
2899.5,0.9960757
2900.0,0.9947637
2900.5,0.9960049
2901.0,0.9964983
2901.5,0.9983346
2902.0,0.9935473
2902.5,0.9986816
2903.0,0.9959516
2903.5,0.9972614
2904.0,0.9977088
2904.5,0.9956368
2905.0,0.9962965
2905.5,0.9969414
2906.0,0.9962929
2906.5,0.9957903
2907.0,0.9972284
2907.5,0.9974978
2908.0,0.9959214
2908.5,0.9996688
2909.0,0.998583
2909.5,0.9956346
2910.0,0.9977352
2910.5,1.0009534
2911.0,1.0009254
2911.5,0.9994531
2912.0,0.9971973
2912.5,0.9990101
2913.0,1.0006311
2913.5,0.9998871
2914.0,0.9990615
2914.5,0.9986173
2915.0,1.0005261
2915.5,0.9993099
2916.0,0.9999783
2916.5,1.000202
2917.0,1.0015975
2917.5,0.999865
2918.0,0.9999679
2918.5,0.9975215
2919.0,1.0010089
2919.5,1.0007462
2920.0,0.9996651
2920.5,0.9969555
2921.0,0.9990048
2921.5,0.9997682
2922.0,1.0021894
2922.5,1.0003711
2923.0,1.0006032
2923.5,1.00062
2924.0,1.0012194
2924.5,0.9982294
2925.0,0.9985409
2925.5,0.9981101
2926.0,0.9991446
2926.5,0.9990105
2927.0,0.9994977
2927.5,0.9980688
2928.0,0.999322
2928.5,0.998075
2929.0,1.001508
2929.5,0.998167
2930.0,1.0016667
2930.5,1.0003282
2931.0,0.9966453
2931.5,0.9989228
2932.0,0.9981831
2932.5,0.995329
2933.0,0.9977252
2933.5,0.9968553
2934.0,0.9975128
2934.5,0.9963212
2935.0,0.9975863
2935.5,0.9984793
2936.0,0.9980631
2936.5,0.99781
2937.0,0.998569
2937.5,0.9977624
2938.0,0.9995002
2938.5,0.996135
2939.0,1.0011244
2939.5,0.9994735
2940.0,1.0000371
2940.5,1.0005537
2941.0,0.9980838
2941.5,1.0023572
2942.0,0.9983107
2942.5,1.0002499
2943.0,1.0001071
2943.5,1.0013183
2944.0,0.9997495
2944.5,0.9980837
2945.0,1.0001852
2945.5,0.9968445
2946.0,0.9995804
2946.5,0.99928
2947.0,1.0017187
2947.5,0.9995153
2948.0,0.9993187
2948.5,0.9989571
2949.0,0.9988451
2949.5,0.9992143
2950.0,1.0006052
