time_us,contrast
0.0,-0.0026072
0.01,0.002339
0.02,0.0172028
0.03,0.024329
0.04,0.0287371
0.05,0.0499792
0.06,0.0618406
0.07,0.0775215
0.08,0.0801687
0.09,0.0934602
0.1,0.0950664
0.11,0.0977464
0.12,0.0860829
0.13,0.0770235
0.14,0.0569979
0.15,0.0590109
0.16,0.0296873
0.17,0.0306442
0.18,0.0163797
0.19,0.0089774
0.2,0.0084348
0.21,0.0107378
0.22,0.0207954
0.23,0.0275138
0.24,0.044484
0.25,0.0426816
0.26,0.0611513
0.27,0.0674025
0.28,0.0816087
0.29,0.0746214
0.3,0.0829897
0.31,0.0831172
0.32,0.0711779
0.33,0.0733964
0.34,0.0608162
0.35,0.0540274
0.36,0.0439848
0.37,0.0275739
0.38,0.021653
0.39,0.0199816
0.4,0.0226653
0.41,0.0249199
0.42,0.0232323
0.43,0.0304018
0.44,0.0378943
0.45,0.047663
0.46,0.0577426
0.47,0.0658048
0.48,0.0804324
0.49,0.0737477
0.5,0.0756082
0.51,0.0769713
0.52,0.0673049
0.53,0.0636774
0.54,0.0579202
0.55,0.0530966
0.56,0.0370633
0.57,0.0410729
0.58,0.0289988
0.59,0.0279328
0.6,0.02977
0.61,0.0304598
0.62,0.0356011
0.63,0.0373212
0.64,0.042979
0.65,0.0512659
0.66,0.0527882
0.67,0.0675762
0.68,0.0641878
0.69,0.0650313
0.7,0.0790687
0.71,0.0690309
0.72,0.0617296
0.73,0.0692094
0.74,0.0548079
0.75,0.0542483
0.76,0.0407066
0.77,0.03778
0.78,0.0279881
0.79,0.0246505
0.8,0.0277003
0.81,0.0324114
0.82,0.0386783
0.83,0.0492911
0.84,0.0404657
0.85,0.0540362
0.86,0.052856
0.87,0.0592958
0.88,0.0575402
0.89,0.0597164
0.9,0.0631188
0.91,0.0604739
0.92,0.062794
0.93,0.0563801
0.94,0.0597743
0.95,0.0506121
0.96,0.0460072
0.97,0.0458078
0.98,0.0401897
0.99,0.0360552
1.0,0.0353119
